Meter_Hr,Fluid_Brand,Fluid_Type,Fluid_Weight,Filter_Change,Fluid_Change,Compressor_Meter_Hr,Cu,Fe,Cr,Al,Si,Pb,Sn,Ni,Na,B,Zn,Mo,Ca,Mg,P,Water_Present,Antifreeze_Present,TBN,TAN,OXI,V100,V40,prediction
354.9283813,0,0,1,1,0,137.4520501,1.629064511,10.52191854,2.925536761,0,0.172327306,2.229946663,0.64745314,1.008200297,0.749713882,2.272198939,26.24575898,1.458311262,31.38160805,2.803063616,12.36289921,0,0,4.98786954,0.368493225,6.216767973,9.615783663,76.41006542,1
